CREATE TABLE
EmadeconsultingLOCATION
(
LOCATION_ID INT not null,
CITY VARCHAR (20) null,
)

INSERT INTO EmadeconsultingLOCATION
VALUES
(122, 'NEW YORK'),
(123, 'DALLAS'), 
(124, 'CHICAGO'), 
(167, 'BOSTON')


CREATE TABLE EmadeconsultingDEPARTMENT
(
DEPARTMENT_ID INT not null,
NAME VARCHAR(20) null,
LOCATION_ID INT not null
)

INSERT INTO EmadeconsultingDEPARTMENT
VALUES
(10, 'ACCOUNTING', 122),
(20, 'SALES', 124),
(30, 'RESEARCH', 123),
(40, 'OPERATIONS', 167)


CREATE TABLE EmadeconsultingJOB
(
JOB_ID INT not null, 
DESIGNATION VARCHAR (20) null
)

INSERT INTO EmadeconsultingJOB 
VALUES
(667, 'Clerk'),
(668, 'Staff'),
(669, 'Analyst'),
(670, 'Sales Person'),
(671, 'Manager'),
(672, 'President')


CREATE TABLE EmadeconsultingEMPLOYEEnew
(
EMPLOYEE_ID INT not null,
Last_Name VARCHAR(20) null,
First_Name VARCHAR(20) null,
Middle_Name VARCHAR(20) null,
Job_ID INT not null,
Manager_ID INT not null, 
Hire_Date DATE null,
Salary Money null,
Comm INT null,
Department_ID INT not null
)

Select *
From EmadeconsultingEMPLOYEEnew

INSERT INTO EmadeconsultingEMPLOYEEnew
VALUES
(7369, 'SMITH', 'JOHN', 'Q', 667, 7902, '17-DEC-84', 800, NULL, 20),
(7499, 'ALLEN', 'KEVIN', 'J', 670, 7698, '20-FEB-85', 1600, 300, 30),
(7505, 'DOYLE', 'JEAN', 'K', 671, 7839, '04-APR-85', 2850, NULL, 30),
(7506, 'DENNIS', 'LYNN', 'S', 671, 7839, '15-MAY-85', 2750, NULL, 30),
(7507, 'BAKER', 'LESLIE', 'D', 671, 7839, '10-JUN-85', 2200, NULL, 40),
(7521, 'WARK', 'CYNTHIA', 'D', 670, 7698, '22-FEB-85', 1250, 500, 30)



SELECT *
FROM EmadeconsultingEMPLOYEEnew
WHERE salary = (
    SELECT MAX(salary)
    FROM EmadeconsultingEMPLOYEEnew
);
--Inner join:
SELECT * FROM EMADECONSULTINGJOB
[dbo].[EmadeconsultingEMPLOYEEnew] INNER JOIN [dbo].[EMADECONSULTINGJOB]
ON A.ID = B.ID
--RESULT = 


QUESTION 3. DISPLAY THE EMPLOYEES SALARY AND JOB DESCRIPTION

From Emadeconsultingemployeenew A
Join EmadeconsultingJob B
ON A.Job_ID=B.JOB_ID
WHERE A.SALARY
SELECT MAX(SALARY)
FROM EmadeconsultingEMPLOYEEnew
);

QUESTION 4 - DISPLAY EMPLOYEES WHO ARE WORKING IN SALES DEPARTMENT

SELECT
A.JOB_ID,
A.EMPLOYEE_ID,
A.FIRST_NAME,
A.LAST_NAME,
A.DEPARTMENT_ID
C.DESIGNATION,
B.DEPARTMENT_ID
From EMADECONSULTINGEMPLOYEE as A
INNER JOIN EMADECONSULTINGDEPARTMENT as B
ON A.DEPARTMENT_ID = B.DEPARTMENT_ID
INNER JOIN EMADECONSULTINGJOB AS C
ON A.JOB_ID = C.JOB_ID
WHERE B.DESIGNATION = 'SALES'

QUESTION 5. FIND OUT THE NO. OF EMPLOYEES WORKING IN SALES DEPARTMENT

SELECT
COUNT(*) AS 'EMPLOYEE COUNT'
FROM EmadeconsultingEMPLOYEEnew A
JOIN EMADECONSULTINGDEPARTMENT C
ON A.Department_ID = C.DEPARTMENT_ID
WHERE C.NAME='SALES',


QUESTION 6. DISPLAY THE SECOND HIGHEST SALARY DRAWING EMPLOYEE DETAILS

Select *
FROM EmadeconsultingEMPLOYEEnew
WHERE Salary = (
	SELECT MAX(Salary)
	FROM EmadeconsultingEMPLOYEEnew
	WHERE Salary <

QUESTION 7.LIST OUT EMPLOYEES WHO EARN MORE THAN EVERY EMPLOYEE IN DEPARTMENT 30